[{"model": "cards.package", "pk": 1, "fields": {"name": "Géographie"}}, {"model": "cards.package", "pk": 2, "fields": {"name": "Art"}}, {"model": "cards.package", "pk": 4, "fields": {"name": "Histoire"}}, {"model": "cards.package", "pk": 5, "fields": {"name": "Espéranto"}}, {"model": "cards.package", "pk": 6, "fields": {"name": "Anatomie"}}, {"model": "cards.package", "pk": 7, "fields": {"name": "Python"}}, {"model": "cards.package", "pk": 8, "fields": {"name": "Espagnol"}}, {"model": "cards.package", "pk": 9, "fields": {"name": "HTML"}}, {"model": "cards.package", "pk": 10, "fields": {"name": "Anglais"}}, {"model": "cards.card", "pk": 12, "fields": {"question": "Quelle est la capitale du Honduras?", "answer": "Tegucigalpa", "package": 1, "tag": "Geo"}}, {"model": "cards.card", "pk": 13, "fields": {"question": "Quelle est la capitale du Burkina Faso?", "answer": "Ouagadougou", "package": 1, "tag": "Geo"}}, {"model": "cards.card", "pk": 14, "fields": {"question": "quelle est la capitale de la Belgique?", "answer": "Bruxelles", "package": 1, "tag": "Geo"}}, {"model": "cards.card", "pk": 15, "fields": {"question": "Test", "answer": "test", "package": 2, "tag": "test"}}, {"model": "cards.card", "pk": 16, "fields": {"question": "test 2", "answer": "test 2", "package": 2, "tag": "test 2"}}, {"model": "cards.card", "pk": 17, "fields": {"question": "Test 3", "answer": "Réponse 3", "package": 2, "tag": "Art"}}, {"model": "cards.card", "pk": 18, "fields": {"question": "Test 4", "answer": "Réponse 4", "package": 2, "tag": "Art"}}, {"model": "cards.card", "pk": 19, "fields": {"question": "Test 5", "answer": "Réponse 5", "package": 2, "tag": "Art"}}, {"model": "cards.card", "pk": 20, "fields": {"question": "Test 6", "answer": "Réponse 6", "package": 2, "tag": "Art"}}, {"model": "cards.learning_statistics", "pk": 1, "fields": {"card": 12, "user": 3, "difficulty": "OK", "date_time": "2022-01-10T21:21:00.511Z"}}, {"model": "cards.learning_statistics", "pk": 2, "fields": {"card": 13, "user": 3, "difficulty": "OK", "date_time": "2022-01-10T21:21:07.147Z"}}, {"model": "cards.learning_statistics", "pk": 3, "fields": {"card": 15, "user": 3, "difficulty": "OK", "date_time": "2022-01-11T19:22:18.106Z"}}, {"model": "cards.learning_statistics", "pk": 4, "fields": {"card": 16, "user": 3, "difficulty": "OK", "date_time": "2022-01-11T19:22:26.059Z"}}, {"model": "cards.learning_statistics", "pk": 5, "fields": {"card": 15, "user": 3, "difficulty": "OK", "date_time": "2022-01-11T19:36:52.023Z"}}, {"model": "cards.learning_statistics", "pk": 6, "fields": {"card": 15, "user": 3, "difficulty": "OK", "date_time": "2022-01-11T19:36:55.445Z"}}, {"model": "cards.learning_statistics", "pk": 7, "fields": {"card": 15, "user": 3, "difficulty": "OK", "date_time": "2022-01-11T20:12:02.375Z"}}, {"model": "cards.learning_statistics", "pk": 8, "fields": {"card": 15, "user": 3, "difficulty": "OK", "date_time": "2022-01-11T20:47:40.208Z"}}, {"model": "cards.learning_statistics", "pk": 9, "fields": {"card": 12, "user": 3, "difficulty": "OK", "date_time": "2022-01-11T20:48:10.299Z"}}, {"model": "cards.learning_statistics", "pk": 10, "fields": {"card": 13, "user": 3, "difficulty": "OK", "date_time": "2022-01-11T20:48:14.705Z"}}, {"model": "cards.learning_statistics", "pk": 11, "fields": {"card": 14, "user": 3, "difficulty": "OK", "date_time": "2022-01-11T20:48:20.628Z"}}, {"model": "cards.learning_statistics", "pk": 12, "fields": {"card": 12, "user": 3, "difficulty": "OK", "date_time": "2022-01-11T21:51:24.815Z"}}, {"model": "cards.learning_statistics", "pk": 13, "fields": {"card": 13, "user": 3, "difficulty": "OK", "date_time": "2022-01-11T21:51:29.456Z"}}, {"model": "cards.learning_statistics", "pk": 14, "fields": {"card": 12, "user": 2, "difficulty": "OK", "date_time": "2022-01-28T18:25:33.045Z"}}, {"model": "cards.learning_statistics", "pk": 15, "fields": {"card": 15, "user": 2, "difficulty": "OK", "date_time": "2022-01-28T18:30:28.194Z"}}, {"model": "cards.learning_statistics", "pk": 16, "fields": {"card": 15, "user": 2, "difficulty": "OK", "date_time": "2022-01-28T18:33:56.169Z"}}, {"model": "cards.learning_statistics", "pk": 17, "fields": {"card": 15, "user": 2, "difficulty": "OK", "date_time": "2022-01-30T13:24:50.295Z"}}, {"model": "cards.learning_statistics", "pk": 18, "fields": {"card": 15, "user": 2, "difficulty": "OK", "date_time": "2022-01-30T14:23:04.633Z"}}, {"model": "cards.learning_statistics", "pk": 19, "fields": {"card": 16, "user": 2, "difficulty": "OK", "date_time": "2022-01-30T14:23:11.823Z"}}, {"model": "cards.learning_statistics", "pk": 20, "fields": {"card": 12, "user": 2, "difficulty": "OK", "date_time": "2022-01-30T14:34:38.671Z"}}, {"model": "cards.learning_statistics", "pk": 21, "fields": {"card": 12, "user": 2, "difficulty": "OK", "date_time": "2022-01-30T14:37:26.233Z"}}, {"model": "cards.learning_statistics", "pk": 22, "fields": {"card": 12, "user": 2, "difficulty": "OK", "date_time": "2022-01-31T18:11:58.435Z"}}, {"model": "cards.learning_statistics", "pk": 23, "fields": {"card": 12, "user": 2, "difficulty": "NOK", "date_time": "2022-01-31T18:54:11.134Z"}}]